Text;Size;Color;Angle;Font;Repeat;URL
assignment;29;Random;Random;Random;Yes;
help;29;Random;Random;Random;Yes;
knowledge;22;Random;Random;Random;Yes;
understand;19;Random;Random;Random;Yes;
friendly;15;Random;Random;Random;Yes;
information;14;Random;Random;Random;Yes;
interest;13;Random;Random;Random;Yes;
example;10;Random;Random;Random;Yes;
improve;10;Random;Random;Random;Yes;
time;10;Random;Random;Random;Yes;
topic;10;Random;Random;Random;Yes;
practice;10;Random;Random;Random;Yes;
lesson;9;Random;Random;Random;Yes;
new;9;Random;Random;Random;Yes;
engage;9;Random;Random;Random;Yes;
concept;9;Random;Random;Random;Yes;
best;9;Random;Random;Random;Yes;
lab;9;Random;Random;Random;Yes;
explain;8;Random;Random;Random;Yes;
know;8;Random;Random;Random;Yes;
real;8;Random;Random;Random;Yes;
active;8;Random;Random;Random;Yes;
industry;7;Random;Random;Random;Yes;
machine;7;Random;Random;Random;Yes;
feedback;6;Random;Random;Random;Yes;
way;6;Random;Random;Random;Yes;
think;6;Random;Random;Random;Yes;
follow;6;Random;Random;Random;Yes;
nice;6;Random;Random;Random;Yes;
professor;6;Random;Random;Random;Yes;
need;5;Random;Random;Random;Yes;
material;5;Random;Random;Random;Yes;
detail;5;Random;Random;Random;Yes;
questions;5;Random;Random;Random;Yes;
support;5;Random;Random;Random;Yes;
cover;5;Random;Random;Random;Yes;
link;5;Random;Random;Random;Yes;
slide;5;Random;Random;Random;Yes;
important;5;Random;Random;Random;Yes;
enjoy;5;Random;Random;Random;Yes;
experience;5;Random;Random;Random;Yes;
content;5;Random;Random;Random;Yes;
advice;5;Random;Random;Random;Yes;
github;5;Random;Random;Random;Yes;
world;5;Random;Random;Random;Yes;
dedicated;4;Random;Random;Random;Yes;
approach;4;Random;Random;Random;Yes;
find;4;Random;Random;Random;Yes;
css;4;Random;Random;Random;Yes;
willing;4;Random;Random;Random;Yes;
well;4;Random;Random;Random;Yes;
clear;4;Random;Random;Random;Yes;
thank;4;Random;Random;Random;Yes;
feel;4;Random;Random;Random;Yes;
tutorial;4;Random;Random;Random;Yes;
sessions;4;Random;Random;Random;Yes;
mark;4;Random;Random;Random;Yes;
web;4;Random;Random;Random;Yes;
tried;4;Random;Random;Random;Yes;
love;4;Random;Random;Random;Yes;
enthusiastic;4;Random;Random;Random;Yes;
develop;4;Random;Random;Random;Yes;
skill;4;Random;Random;Random;Yes;
applicable;4;Random;Random;Random;Yes;
technology;4;Random;Random;Random;Yes;
general;4;Random;Random;Random;Yes;
project;4;Random;Random;Random;Yes;
look;4;Random;Random;Random;Yes;
instructor;3;Random;Random;Random;Yes;
one;3;Random;Random;Random;Yes;
broad;3;Random;Random;Random;Yes;
program;3;Random;Random;Random;Yes;
requires;3;Random;Random;Random;Yes;
out;3;Random;Random;Random;Yes;
website;3;Random;Random;Random;Yes;
field;3;Random;Random;Random;Yes;
canvas;3;Random;Random;Random;Yes;
staff;3;Random;Random;Random;Yes;
throughout;3;Random;Random;Random;Yes;
answer;3;Random;Random;Random;Yes;
bit;3;Random;Random;Random;Yes;
please;3;Random;Random;Random;Yes;
want;3;Random;Random;Random;Yes;
gave;3;Random;Random;Random;Yes;
research;3;Random;Random;Random;Yes;
fun;3;Random;Random;Random;Yes;
funny;3;Random;Random;Random;Yes;
view;3;Random;Random;Random;Yes;
put;3;Random;Random;Random;Yes;
open;3;Random;Random;Random;Yes;
right;3;Random;Random;Random;Yes;
hand;3;Random;Random;Random;Yes;
focus;3;Random;Random;Random;Yes;
theory;3;Random;Random;Random;Yes;
extra;3;Random;Random;Random;Yes;
during;3;Random;Random;Random;Yes;
block;3;Random;Random;Random;Yes;
mode;3;Random;Random;Random;Yes;
doctor;3;Random;Random;Random;Yes;
dang;3;Random;Random;Random;Yes;
positive;3;Random;Random;Random;Yes;
week;3;Random;Random;Random;Yes;
current;3;Random;Random;Random;Yes;
learnt;3;Random;Random;Random;Yes;
forces;3;Random;Random;Random;Yes;
career;3;Random;Random;Random;Yes;
different;3;Random;Random;Random;Yes;
create;3;Random;Random;Random;Yes;
idea;3;Random;Random;Random;Yes;
html;3;Random;Random;Random;Yes;
clearly;3;Random;Random;Random;Yes;
git;3;Random;Random;Random;Yes;
overview;3;Random;Random;Random;Yes;
everything;3;Random;Random;Random;Yes;
discussion;2;Random;Random;Random;Yes;
keep;2;Random;Random;Random;Yes;
up;2;Random;Random;Random;Yes;
heavy;2;Random;Random;Random;Yes;
code;2;Random;Random;Random;Yes;
without;2;Random;Random;Random;Yes;
subject;2;Random;Random;Random;Yes;
unclear;2;Random;Random;Random;Yes;
encourage;2;Random;Random;Random;Yes;
ready;2;Random;Random;Random;Yes;
humor;2;Random;Random;Random;Yes;
number;2;Random;Random;Random;Yes;
report;2;Random;Random;Random;Yes;
assessment;2;Random;Random;Random;Yes;
range;2;Random;Random;Random;Yes;
simple;2;Random;Random;Random;Yes;
perfect;2;Random;Random;Random;Yes;
section;2;Random;Random;Random;Yes;
even;2;Random;Random;Random;Yes;
grade;2;Random;Random;Random;Yes;
attend;2;Random;Random;Random;Yes;
still;2;Random;Random;Random;Yes;
quickly;2;Random;Random;Random;Yes;
part;2;Random;Random;Random;Yes;
fast;2;Random;Random;Random;Yes;
visual;2;Random;Random;Random;Yes;
actually;2;Random;Random;Random;Yes;
introduce;2;Random;Random;Random;Yes;
myself;2;Random;Random;Random;Yes;
intro;2;Random;Random;Random;Yes;
kind;2;Random;Random;Random;Yes;
comment;2;Random;Random;Random;Yes;
talk;2;Random;Random;Random;Yes;
big;2;Random;Random;Random;Yes;
computing;2;Random;Random;Random;Yes;
next;2;Random;Random;Random;Yes;
along;2;Random;Random;Random;Yes;
though;2;Random;Random;Random;Yes;
maybe;2;Random;Random;Random;Yes;
certainly;2;Random;Random;Random;Yes;
day;2;Random;Random;Random;Yes;
deadline;2;Random;Random;Random;Yes;
attract;2;Random;Random;Random;Yes;
inspired;2;Random;Random;Random;Yes;
fair;2;Random;Random;Random;Yes;
better;2;Random;Random;Random;Yes;
effort;2;Random;Random;Random;Yes;
take;2;Random;Random;Random;Yes;
rmit;2;Random;Random;Random;Yes;
partners;2;Random;Random;Random;Yes;
interaction;2;Random;Random;Random;Yes;
deliver;2;Random;Random;Random;Yes;
prepare;2;Random;Random;Random;Yes;
attitude;2;Random;Random;Random;Yes;
various;2;Random;Random;Random;Yes;
area;2;Random;Random;Random;Yes;
wide;2;Random;Random;Random;Yes;
relating;2;Random;Random;Random;Yes;
communication;2;Random;Random;Random;Yes;
fundamental;2;Random;Random;Random;Yes;
technical;2;Random;Random;Random;Yes;
presentation;2;Random;Random;Random;Yes;
chances;2;Random;Random;Random;Yes;
ask;2;Random;Random;Random;Yes;
lecturer's;2;Random;Random;Random;Yes;
professional;2;Random;Random;Random;Yes;
people;2;Random;Random;Random;Yes;
guest;2;Random;Random;Random;Yes;
problem;2;Random;Random;Random;Yes;
deep;2;Random;Random;Random;Yes;
structure;2;Random;Random;Random;Yes;
team;2;Random;Random;Random;Yes;
teamwork;2;Random;Random;Random;Yes;
alot;2;Random;Random;Random;Yes;
through;2;Random;Random;Random;Yes;
reason;2;Random;Random;Random;Yes;
ai;2;Random;Random;Random;Yes;
year;2;Random;Random;Random;Yes;
homework;2;Random;Random;Random;Yes;
cool;2;Random;Random;Random;Yes;
pressure;2;Random;Random;Random;Yes;
environment;2;Random;Random;Random;Yes;
passion;2;Random;Random;Random;Yes;
review;2;Random;Random;Random;Yes;
overall;2;Random;Random;Random;Yes;
methodology;2;Random;Random;Random;Yes;
going;1;Random;Random;Random;Yes;
goes;1;Random;Random;Random;Yes;
over;1;Random;Random;Random;Yes;
strokes;1;Random;Random;Random;Yes;
curriculum;1;Random;Random;Random;Yes;
daunting;1;Random;Random;Random;Yes;
instructions;1;Random;Random;Random;Yes;
prior;1;Random;Random;Random;Yes;
involve;1;Random;Random;Random;Yes;
elements;1;Random;Random;Random;Yes;
java;1;Random;Random;Random;Yes;
taught;1;Random;Random;Random;Yes;
chase;1;Random;Random;Random;Yes;
speed;1;Random;Random;Random;Yes;
learner;1;Random;Random;Random;Yes;
copy;1;Random;Random;Random;Yes;
pasted;1;Random;Random;Random;Yes;
previous;1;Random;Random;Random;Yes;
conflicting;1;Random;Random;Random;Yes;
accurate;1;Random;Random;Random;Yes;
english;1;Random;Random;Random;Yes;
accent;1;Random;Random;Random;Yes;
overwhelming;1;Random;Random;Random;Yes;
unproportional;1;Random;Random;Random;Yes;
barring;1;Random;Random;Random;Yes;
tad;1;Random;Random;Random;Yes;
nature;1;Random;Random;Random;Yes;
major;1;Random;Random;Random;Yes;
undertaking;1;Random;Random;Random;Yes;
facilitates;1;Random;Random;Random;Yes;
sparks;1;Random;Random;Random;Yes;
amazing;1;Random;Random;Random;Yes;
comes;1;Random;Random;Random;Yes;
made;1;Random;Random;Random;Yes;
unnecessary;1;Random;Random;Random;Yes;
achieve;1;Random;Random;Random;Yes;
wasting;1;Random;Random;Random;Yes;
sitting;1;Random;Random;Random;Yes;
hall;1;Random;Random;Random;Yes;
results;1;Random;Random;Random;Yes;
pertain;1;Random;Random;Random;Yes;
vice;1;Random;Random;Random;Yes;
versa;1;Random;Random;Random;Yes;
responsive;1;Random;Random;Random;Yes;
email;1;Random;Random;Random;Yes;
conceivable;1;Random;Random;Random;Yes;
home;1;Random;Random;Random;Yes;
although;1;Random;Random;Random;Yes;
talented;1;Random;Random;Random;Yes;
fits;1;Random;Random;Random;Yes;
vague;1;Random;Random;Random;Yes;
duplicated;1;Random;Random;Random;Yes;
aim;1;Random;Random;Random;Yes;
hobby;1;Random;Random;Random;Yes;
several;1;Random;Random;Random;Yes;
workload;1;Random;Random;Random;Yes;
considered;1;Random;Random;Random;Yes;
apart;1;Random;Random;Random;Yes;
reading;1;Random;Random;Random;Yes;
down;1;Random;Random;Random;Yes;
earth;1;Random;Random;Random;Yes;
already;1;Random;Random;Random;Yes;
whenever;1;Random;Random;Random;Yes;
point;1;Random;Random;Random;Yes;
slowly;1;Random;Random;Random;Yes;
guides;1;Random;Random;Random;Yes;
cloud;1;Random;Random;Random;Yes;
social;1;Random;Random;Random;Yes;
discover;1;Random;Random;Random;Yes;
semantics;1;Random;Random;Random;Yes;
fall;1;Random;Random;Random;Yes;
asleep;1;Random;Random;Random;Yes;
definitely;1;Random;Random;Random;Yes;
rooms;1;Random;Random;Random;Yes;
wish;1;Random;Random;Random;Yes;
images;1;Random;Random;Random;Yes;
those;1;Random;Random;Random;Yes;
video;1;Random;Random;Random;Yes;
fault;1;Random;Random;Random;Yes;
send;1;Random;Random;Random;Yes;
soon;1;Random;Random;Random;Yes;
early;1;Random;Random;Random;Yes;
sent;1;Random;Random;Random;Yes;
before;1;Random;Random;Random;Yes;
kinda;1;Random;Random;Random;Yes;
heart;1;Random;Random;Random;Yes;
breaking;1;Random;Random;Random;Yes;
microphone;1;Random;Random;Random;Yes;
backside;1;Random;Random;Random;Yes;
cant;1;Random;Random;Random;Yes;
hear;1;Random;Random;Random;Yes;
see;1;Random;Random;Random;Yes;
lessons';1;Random;Random;Random;Yes;
raising;1;Random;Random;Random;Yes;
voice;1;Random;Random;Random;Yes;
volume;1;Random;Random;Random;Yes;
surprise;1;Random;Random;Random;Yes;
body;1;Random;Random;Random;Yes;
language;1;Random;Random;Random;Yes;
movement;1;Random;Random;Random;Yes;
sorry;1;Random;Random;Random;Yes;
uncomfortable;1;Random;Random;Random;Yes;
pretty;1;Random;Random;Random;Yes;
speak;1;Random;Random;Random;Yes;
louder;1;Random;Random;Random;Yes;
whole;1;Random;Random;Random;Yes;
listen;1;Random;Random;Random;Yes;
straightforward;1;Random;Random;Random;Yes;
upcoming;1;Random;Random;Random;Yes;
workplace;1;Random;Random;Random;Yes;
especially;1;Random;Random;Random;Yes;
case;1;Random;Random;Random;Yes;
little;1;Random;Random;Random;Yes;
strict;1;Random;Random;Random;Yes;
based;1;Random;Random;Random;Yes;
stuff;1;Random;Random;Random;Yes;
realistic;1;Random;Random;Random;Yes;
traits;1;Random;Random;Random;Yes;
forward;1;Random;Random;Random;Yes;
therefore;1;Random;Random;Random;Yes;
hope;1;Random;Random;Random;Yes;
figuring;1;Random;Random;Random;Yes;
faster;1;Random;Random;Random;Yes;
received;1;Random;Random;Random;Yes;
submitted;1;Random;Random;Random;Yes;
progress;1;Random;Random;Random;Yes;
networking;1;Random;Random;Random;Yes;
connections;1;Random;Random;Random;Yes;
kindly;1;Random;Random;Random;Yes;
care;1;Random;Random;Random;Yes;
vietnam;1;Random;Random;Random;Yes;
within;1;Random;Random;Random;Yes;
poor;1;Random;Random;Random;Yes;
met;1;Random;Random;Random;Yes;
certain;1;Random;Random;Random;Yes;
divide;1;Random;Random;Random;Yes;
semesters;1;Random;Random;Random;Yes;
implementing;1;Random;Random;Random;Yes;
increase;1;Random;Random;Random;Yes;
difficulty;1;Random;Random;Random;Yes;
same;1;Random;Random;Random;Yes;
extend;1;Random;Random;Random;Yes;
together;1;Random;Random;Random;Yes;
properly;1;Random;Random;Random;Yes;
explanning;1;Random;Random;Random;Yes;
briefly;1;Random;Random;Random;Yes;
variety;1;Random;Random;Random;Yes;
tools;1;Random;Random;Random;Yes;
studio;1;Random;Random;Random;Yes;
building;1;Random;Random;Random;Yes;
between;1;Random;Random;Random;Yes;
soft;1;Random;Random;Random;Yes;
phan;1;Random;Random;Random;Yes;
deeply;1;Random;Random;Random;Yes;
opportunities;1;Random;Random;Random;Yes;
share;1;Random;Random;Random;Yes;
template;1;Random;Random;Random;Yes;
stories;1;Random;Random;Random;Yes;
none;1;Random;Random;Random;Yes;
order;1;Random;Random;Random;Yes;
relax;1;Random;Random;Random;Yes;
essential;1;Random;Random;Random;Yes;
foundation;1;Random;Random;Random;Yes;
choose;1;Random;Random;Random;Yes;
journey;1;Random;Random;Random;Yes;
sources;1;Random;Random;Random;Yes;
participate;1;Random;Random;Random;Yes;
invites;1;Random;Random;Random;Yes;
respected;1;Random;Random;Random;Yes;
kaggle;1;Random;Random;Random;Yes;
competitions;1;Random;Random;Random;Yes;
selection;1;Random;Random;Random;Yes;
excercises;1;Random;Random;Random;Yes;
doing;1;Random;Random;Random;Yes;
group;1;Random;Random;Random;Yes;
assesment;1;Random;Random;Random;Yes;
assistant;1;Random;Random;Random;Yes;
respond;1;Random;Random;Random;Yes;
concerns;1;Random;Random;Random;Yes;
oriented;1;Random;Random;Random;Yes;
supplies;1;Random;Random;Random;Yes;
identify;1;Random;Random;Random;Yes;
job;1;Random;Random;Random;Yes;
expect;1;Random;Random;Random;Yes;
ovrall;1;Random;Random;Random;Yes;
atmosphere;1;Random;Random;Random;Yes;
hazardous;1;Random;Random;Random;Yes;
situations;1;Random;Random;Random;Yes;
oppotunities;1;Random;Random;Random;Yes;
experts;1;Random;Random;Random;Yes;
something;1;Random;Random;Random;Yes;
now;1;Random;Random;Random;Yes;
behavior;1;Random;Random;Random;Yes;
anything;1;Random;Random;Random;Yes;
digital;1;Random;Random;Random;Yes;
resources;1;Random;Random;Random;Yes;
classification;1;Random;Random;Random;Yes;
algorithms;1;Random;Random;Random;Yes;
sem;1;Random;Random;Random;Yes;
meet;1;Random;Random;Random;Yes;
meaningful;1;Random;Random;Random;Yes;
issues;1;Random;Random;Random;Yes;
carefully;1;Random;Random;Random;Yes;
hints;1;Random;Random;Random;Yes;
tips;1;Random;Random;Random;Yes;
addition;1;Random;Random;Random;Yes;
terms;1;Random;Random;Random;Yes;
haven;1;Random;Random;Random;Yes;
law;1;Random;Random;Random;Yes;
lack;1;Random;Random;Random;Yes;
applying;1;Random;Random;Random;Yes;
towards;1;Random;Random;Random;Yes;
fiels;1;Random;Random;Random;Yes;
such;1;Random;Random;Random;Yes;
ar;1;Random;Random;Random;Yes;
vr;1;Random;Random;Random;Yes;
eyes;1;Random;Random;Random;Yes;
public;1;Random;Random;Random;Yes;
universities;1;Random;Random;Random;Yes;
enroll;1;Random;Random;Random;Yes;
told;1;Random;Random;Random;Yes;
easiest;1;Random;Random;Random;Yes;
truly;1;Random;Random;Random;Yes;
double;1;Random;Random;Random;Yes;
edge;1;Random;Random;Random;Yes;
sword;1;Random;Random;Random;Yes;
harsh;1;Random;Random;Random;Yes;
brevity;1;Random;Random;Random;Yes;
included;1;Random;Random;Random;Yes;
despite;1;Random;Random;Random;Yes;
constraint;1;Random;Random;Random;Yes;
start;1;Random;Random;Random;Yes;
planning;1;Random;Random;Random;Yes;
large;1;Random;Random;Random;Yes;
literature;1;Random;Random;Random;Yes;
cute;1;Random;Random;Random;Yes;
tech;1;Random;Random;Random;Yes;
trends;1;Random;Random;Random;Yes;
insight;1;Random;Random;Random;Yes;
theater;1;Random;Random;Random;Yes;
suitable;1;Random;Random;Random;Yes;
place;1;Random;Random;Random;Yes;
concentrate;1;Random;Random;Random;Yes;
cheerful;1;Random;Random;Random;Yes;
handsome;1;Random;Random;Random;Yes;
leadership;1;Random;Random;Random;Yes;
companies;1;Random;Random;Random;Yes;
pace;1;Random;Random;Random;Yes;
kept;1;Random;Random;Random;Yes;
focused;1;Random;Random;Random;Yes;
solid;1;Random;Random;Random;Yes;
background;1;Random;Random;Random;Yes;
theoretical;1;Random;Random;Random;Yes;
both;1;Random;Random;Random;Yes;
life;1;Random;Random;Random;Yes;
solutions;1;Random;Random;Random;Yes;
successfully;1;Random;Random;Random;Yes;
nowadays;1;Random;Random;Random;Yes;
casual;1;Random;Random;Random;Yes;
info;1;Random;Random;Random;Yes;
standards;1;Random;Random;Random;Yes;
back;1;Random;Random;Random;Yes;
liked;1;Random;Random;Random;Yes;
quiz;1;Random;Random;Random;Yes;
usability;1;Random;Random;Random;Yes;
terminologies;1;Random;Random;Random;Yes;
outside;1;Random;Random;Random;Yes;
showing;1;Random;Random;Random;Yes;
flexible;1;Random;Random;Random;Yes;
costumes;1;Random;Random;Random;Yes;
astonished;1;Random;Random;Random;Yes;
quality;1;Random;Random;Random;Yes;
flawed;1;Random;Random;Random;Yes;
designed;1;Random;Random;Random;Yes;
step;1;Random;Random;Random;Yes;
try;1;Random;Random;Random;Yes;
reality;1;Random;Random;Random;Yes;
principle;1;Random;Random;Random;Yes;
being;1;Random;Random;Random;Yes;
division;1;Random;Random;Random;Yes;
task;1;Random;Random;Random;Yes;
